	bsize	iteration	throughput
0	2	0	68.68757932316359
1	2	1	68.30446536169104
2	2	2	67.5003661235164
3	2	3	68.22447054230781
4	2	4	68.25166996184106
5	2	5	68.23667984446939
6	2	6	68.32616291855702
7	2	7	68.69882971492216
8	2	8	68.82000459423095
9	2	9	66.31415516450853
10	2	10	68.38297560140539
11	2	11	68.36848496703261
12	2	12	68.48961463096016
13	2	13	68.30335303792727
14	2	14	68.7303504272804
15	2	15	67.49167679075717
16	2	16	68.10261739299864
17	2	17	67.81248635845533
18	2	18	68.70952100124501
19	2	19	68.42034517634009
20	2	20	68.64767017463461
21	2	21	68.49408844470572
22	2	22	68.28389323478416
23	2	23	68.15352117253258
24	2	24	68.4047230739122
25	2	25	69.03863183711093
26	2	26	67.93330255986655
27	2	27	68.8019421934976
28	2	28	68.44546708116091
29	2	29	68.13691375473138
30	2	30	68.58368761854928
31	2	31	67.98836144363486
32	2	32	65.55443718545841
33	2	33	68.33618182558756
34	2	34	68.51031092018327
35	2	35	67.90525685236453
36	2	36	68.30669011790762
37	2	37	68.67689486352398
38	2	38	68.31948527914648
39	2	39	68.18010988653727
40	2	40	67.78508803826978
41	2	41	67.95311348189911
42	2	42	67.72324931781118
43	2	43	68.24445167588675
44	2	44	68.475078771652
45	2	45	68.16016640665627
46	2	46	68.541098800536
47	2	47	68.72471960740941
48	2	48	67.72488959576306
49	2	49	67.96192204551531
50	2	50	68.14743084609448
51	2	51	63.73983146793104
52	2	52	68.34508998769748
53	2	53	67.51829494051931
54	2	54	67.54439022819138
55	2	55	68.69995495679947
56	2	56	67.95421442747782
57	2	57	68.27000016276837
58	2	58	68.64317627612392
59	2	59	68.01426996173056
60	2	60	68.41755499188477
61	2	61	68.03026592164272
62	2	62	41.63039572808211
63	2	63	49.72205559836406
64	2	64	55.95464187088942
65	2	65	59.061394615297964
66	2	66	69.59305779090411
67	2	67	56.37656926261459
68	2	68	53.001547977835486
69	2	69	57.078174011853
70	2	70	59.1843202551204
71	2	71	57.10848327648769
72	2	72	58.94767613452701
73	2	73	59.96402990835919
74	2	74	62.514777994723744
75	2	75	48.9071775467727
76	2	76	44.44719496428799
77	2	77	50.705142076535765
78	2	78	53.31957006743916
79	2	79	66.5329547437382
80	2	80	68.09100870962767
81	2	81	66.13952314873218
82	2	82	68.00875585750653
83	2	83	68.39078079522571
84	2	84	68.56799084518555
85	2	85	68.41922907524918
86	2	86	64.97155957618192
87	2	87	66.97758792766179
88	2	88	68.52598129314218
89	2	89	68.17069067800054
90	2	90	68.06448943161995
91	2	91	68.2750010173768
92	2	92	51.001088284826636
93	2	93	55.05130661906574
94	2	94	57.370163932183914
95	2	95	60.224915283441504
96	2	96	62.94634790569238
97	2	97	58.1778637760162
98	2	98	69.46397045428198
99	2	99	69.55728026533997
100	4	0	119.88521122734808
101	4	1	123.04341703825393
102	4	2	125.65038233113397
103	4	3	101.77200016985034
104	4	4	107.09316992212435
105	4	5	112.3341390415866
106	4	6	116.11815841200409
107	4	7	118.98819140561281
108	4	8	121.73811078700277
109	4	9	121.35681786946552
110	4	10	125.53380173142682
111	4	11	133.4883476683402
112	4	12	134.1447532542297
113	4	13	134.4080497985147
114	4	14	135.1050982855394
115	4	15	135.1911039484287
116	4	16	133.8867599294544
117	4	17	125.10787311151213
118	4	18	134.217728
119	4	19	135.14101138981522
120	4	20	133.24239367827502
121	4	21	134.83364810454154
122	4	22	131.991817981559
123	4	23	134.4867014028056
124	4	24	134.7167187261617
125	4	25	130.8705819948985
126	4	26	135.13448031445324
127	4	27	134.54925737016006
128	4	28	134.08578758501633
129	4	29	135.27394697800426
130	4	30	82.37369888840881
131	4	31	98.77491713422783
132	4	32	110.08382982073961
133	4	33	118.13110644829675
134	4	34	138.86929386738183
135	4	35	138.7395266526636
136	4	36	138.64551104059237
137	4	37	138.39047768310087
138	4	38	138.49443618953276
139	4	39	138.19099550269345
140	4	40	135.2554074862344
141	4	41	137.81186134384754
142	4	42	138.45329108074205
143	4	43	137.90021535072577
144	4	44	136.3369495437074
145	4	45	138.03977324151094
146	4	46	133.20325203252034
147	4	47	137.97052631578947
148	4	48	138.32315937010472
149	4	49	138.05567578687513
150	4	50	138.35509887681218
151	4	51	138.14661781053152
152	4	52	132.1737924731945
153	4	53	137.85828971478813
154	4	54	138.068173214609
155	4	55	138.3003544637705
156	4	56	138.36308605830686
157	4	57	134.05471746356432
158	4	58	138.7923229649239
159	4	59	137.93309381500086
160	4	60	137.9172194957541
161	4	61	137.14046560292962
162	4	62	137.96144990461153
163	4	63	138.19782537067545
164	4	64	134.55573199878094
165	4	65	110.03473424628784
166	4	66	116.81508404004957
167	4	67	121.13600820222528
168	4	68	124.5515326538036
169	4	69	127.04910906984317
170	4	70	138.64092817241266
171	4	71	138.11022662726276
172	4	72	133.95517585532357
173	4	73	138.25590651756505
174	4	74	138.2479317050661
175	4	75	138.26957976544665
176	4	76	138.0193324942208
177	4	77	127.468040328524
178	4	78	136.77933131690295
179	4	79	137.8288437050729
180	4	80	139.0592135800013
181	4	81	136.69908987949256
182	4	82	138.36650941840134
183	4	83	138.26274280345797
184	4	84	137.84243260785618
185	4	85	138.72117213209637
186	4	86	138.58824695600455
187	4	87	138.34939431172538
188	4	88	129.4937943809818
189	4	89	136.19860044487018
190	4	90	137.97733440794775
191	4	91	138.18644263240262
192	4	92	135.88311141348365
193	4	93	132.58848074856166
194	4	94	129.4728085135938
195	4	95	138.26502171566082
196	4	96	137.09003848636635
197	4	97	138.38020455295282
198	4	98	135.8545030527799
199	4	99	138.82218213712414
200	8	0	277.2795650054126
201	8	1	273.6255861174763
202	8	2	277.9663667843001
203	8	3	277.97788068826685
204	8	4	277.6190956852687
205	8	5	276.50497725624626
206	8	6	247.99473773678338
207	8	7	278.21066595914033
208	8	8	277.6926170830816
209	8	9	277.1421539071469
210	8	10	277.3414444646488
211	8	11	277.53872622001654
212	8	12	277.5731645779046
213	8	13	275.2461466527763
214	8	14	274.1039251725687
215	8	15	277.9410395527024
216	8	16	276.57335025799114
217	8	17	276.8928718786618
218	8	18	276.1227123107307
219	8	19	277.7799743366861
220	8	20	277.48134794293986
221	8	21	278.1345645344452
222	8	22	276.30006093443785
223	8	23	265.3657055185613
224	8	24	268.1801484986293
225	8	25	276.66000461726196
226	8	26	277.36207708903345
227	8	27	250.92115909515798
228	8	28	277.22000346995594
229	8	29	277.534135084614
230	8	30	277.31852292637774
231	8	31	277.1123994516294
232	8	32	277.1925221600813
233	8	33	276.92486465073284
234	8	34	276.31826341881185
235	8	35	277.41940604537336
236	8	36	277.38500582803573
237	8	37	277.48134794293986
238	8	38	269.4139675300692
239	8	39	277.23832737067363
240	8	40	277.1673357453206
241	8	41	277.93183079458953
242	8	42	276.43663805177044
243	8	43	277.4285808777326
244	8	44	276.8517491749175
245	8	45	274.68284257144495
246	8	46	276.43663805177044
247	8	47	277.4492264695425
248	8	48	276.8334763381955
249	8	49	277.45152061386824
250	8	50	276.13407398263587
251	8	51	277.60301806870075
252	8	52	261.36195602221477
253	8	53	274.1352766725762
254	8	54	277.80987233197
255	8	55	277.23832737067363
256	8	56	277.97788068826685
257	8	57	275.8253692941283
258	8	58	276.9271501316365
259	8	59	276.4913067123717
260	8	60	277.3116472036959
261	8	61	277.7753752162719
262	8	62	277.6926170830816
263	8	63	277.5456132079373
264	8	64	277.49970641018217
265	8	65	276.94543533703643
266	8	66	271.12063476672967
267	8	67	276.32508996878886
268	8	68	278.3745405974929
269	8	69	276.7421483240961
270	8	70	277.4652862765852
271	8	71	276.712479692564
272	8	72	276.42069709776007
273	8	73	277.04833462688043
274	8	74	264.59355754445454
275	8	75	276.4571362658911
276	8	76	277.052909703415
277	8	77	276.7398658958012
278	8	78	276.35239954208157
279	8	79	268.0130674057685
280	8	80	276.33874408070824
281	8	81	277.24061802858796
282	8	82	276.81292227987825
283	8	83	277.848979422846
284	8	84	277.4056449346054
285	8	85	277.63287798178044
286	8	86	277.8351756630317
287	8	87	275.8729918605607
288	8	88	275.23711560072513
289	8	89	278.18760052396823
290	8	90	274.95294050165114
291	8	91	277.09638046790485
292	8	92	276.96372295730123
293	8	93	276.8540334491209
294	8	94	277.6926170830816
295	8	95	269.40747818127807
296	8	96	278.6982399893685
297	8	97	277.55938820921324
298	8	98	277.0506221462601
299	8	99	274.5165465389304
300	16	0	479.3832702335881
301	16	1	501.78603260056826
302	16	2	514.1456732426739
303	16	3	557.3409296647261
304	16	4	552.0364575621473
305	16	5	558.9563971647746
306	16	6	557.4613026756269
307	16	7	553.6989298768162
308	16	8	556.4859279897839
309	16	9	556.467470438979
310	16	10	403.61135736237827
311	16	11	440.6562612858109
312	16	12	460.5867003424775
313	16	13	480.839631428858
314	16	14	495.7366663711846
315	16	15	514.3900109609621
316	16	16	558.519112812617
317	16	17	557.4890884471286
318	16	18	557.4937196783412
319	16	19	556.3752010479365
320	16	20	558.6027951422126
321	16	21	556.462856242589
322	16	22	556.2783511136531
323	16	23	556.9107898624089
324	16	24	551.4105041740617
325	16	25	557.2529976417444
326	16	26	558.7423214300582
327	16	27	556.1031845339211
328	16	28	556.730606183788
329	16	29	550.3568564094574
330	16	30	557.4381499817257
331	16	31	553.8817276186231
332	16	32	557.3363009716801
333	16	33	557.8088240183529
334	16	34	557.507613833667
335	16	35	551.4784738143957
336	16	36	540.9998226464376
337	16	37	556.665953299324
338	16	38	556.8553363094744
339	16	39	557.5307722982852
340	16	40	559.1007581437974
341	16	41	556.0432844477588
342	16	42	550.0997098217945
343	16	43	557.7995511595046
344	16	44	557.6419597154822
345	16	45	555.8314338722502
346	16	46	556.402878652207
347	16	47	558.3657603088494
348	16	48	556.61054849171
349	16	49	559.2498541642361
350	16	50	553.2333413023586
351	16	51	556.2045833160664
352	16	52	558.6865025516363
353	16	53	555.8360376030149
354	16	54	557.0402244467685
355	16	55	557.5307722982852
356	16	56	556.1031845339211
357	16	57	559.1799555048203
358	16	58	531.6269438260994
359	16	59	545.6759389509119
360	16	60	555.4955673832247
361	16	61	558.0546671656065
362	16	62	558.3843440058577
363	16	63	557.9247607725115
364	16	64	556.7075141439782
365	16	65	557.0864656660912
366	16	66	557.8691051165883
367	16	67	558.3007271093659
368	16	68	556.1999734783185
369	16	69	556.3290778260437
370	16	70	557.9850669327346
371	16	71	557.7670985812479
372	16	72	556.2506858966389
373	16	73	557.1373398753041
374	16	74	556.5874664101118
375	16	75	555.0131829234001
376	16	76	558.0732301602482
377	16	77	557.7068395246406
378	16	78	524.4887808614235
379	16	79	555.0728612666562
380	16	80	558.8865718378361
381	16	81	558.2496402219394
382	16	82	558.3657603088494
383	16	83	556.5366925686042
384	16	84	557.0032369980578
385	16	85	556.3429139896373
386	16	86	557.7902786089501
387	16	87	557.2622523375351
388	16	88	557.9804275344846
389	16	89	550.9261396753988
390	16	90	551.0709071350561
391	16	91	556.3290778260437
392	16	92	556.2138032208068
393	16	93	556.3336898041068
394	16	94	556.4305590103312
395	16	95	554.3804645937283
396	16	96	556.739843536117
397	16	97	557.5817276934454
398	16	98	558.2635720821895
399	16	99	556.7537001393774
400	32	0	975.4833382997434
401	32	1	1001.6098864196057
402	32	2	1096.039654735948
403	32	3	1108.3580630243773
404	32	4	1109.8978565758136
405	32	5	1107.516651813711
406	32	6	1104.9909685917753
407	32	7	1108.898336872196
408	32	8	1110.825626722504
409	32	9	1106.2751640236063
410	32	10	1097.0968211281765
411	32	11	1101.6804399573175
412	32	12	1112.630484701279
413	32	13	1112.3722888470813
414	32	14	1107.918906425411
415	32	15	1110.8440140699358
416	32	16	1108.2482412392244
417	32	17	803.7326594527914
418	32	18	828.9291921169488
419	32	19	902.2979879126863
420	32	20	945.9813647960982
421	32	21	1001.7070655053773
422	32	22	1110.6234060687304
423	32	23	1110.0080055575772
424	32	24	1108.6052416390653
425	32	25	833.4589442177885
426	32	26	874.0864853600083
427	32	27	938.6708442026198
428	32	28	992.6979623534633
429	32	29	1028.4095318366408
430	32	30	1094.243571556686
431	32	31	1108.2207891933847
432	32	32	1111.3130971897924
433	32	33	835.7944790051498
434	32	34	912.6670429277647
435	32	35	967.0979940050727
436	32	36	1010.7593851900383
437	32	37	1108.5869283313098
438	32	38	1111.3867148038355
439	32	39	1116.4064114187802
440	32	40	1115.1449247667395
441	32	41	1114.450470797283
442	32	42	1114.9133439659756
443	32	43	1114.9596524310718
444	32	44	1115.9144634008446
445	32	45	1114.4134575466214
446	32	46	843.5318576618022
447	32	47	856.2698361053162
448	32	48	957.5080114714569
449	32	49	1005.4289588218109
450	32	50	1019.8838002750739
451	32	51	1112.7965310538666
452	32	52	840.5945262103088
453	32	53	893.0463896947276
454	32	54	929.9235651137654
455	32	55	984.3473363060315
456	32	56	1017.2325228884981
457	32	57	1119.6753870795515
458	32	58	1121.396698081679
459	32	59	1119.8902619129071
460	32	60	1119.8622300837699
461	32	61	1114.8762999634514
462	32	62	1119.83419965792
463	32	63	1119.8622300837699
464	32	64	1121.2842773600669
465	32	65	1120.0678294250188
466	32	66	1119.189886928388
467	32	67	1121.1718791766907
468	32	68	1118.7607568558806
469	32	69	1121.209342733986
470	32	70	1117.6149151074583
471	32	71	1105.7010058737756
472	32	72	1121.0220499799545
473	32	73	1117.9034832003465
474	32	74	1120.7599452219513
475	32	75	1118.574281190099
476	32	76	1120.6289387993654
477	32	77	1112.529036322342
478	32	78	1122.70054956545
479	32	79	1114.3579422802297
480	32	80	1120.1145670769872
481	32	81	1115.0893366011715
482	32	82	1121.0969595723354
483	32	83	1119.7127506924282
484	32	84	1114.737406875244
485	32	85	1118.7141321108563
486	32	86	1119.7688007875724
487	32	87	1118.3226376263362
488	32	88	1120.6850806586287
489	32	89	1120.9097043594454
490	32	90	1121.9591400006686
491	32	91	1117.9034832003465
492	32	92	1115.4414886102038
493	32	93	1120.8722608230892
494	32	94	1119.666046565949
495	32	95	1116.0907722627373
496	32	96	1118.5929259592626
497	32	97	1120.4605469663072
498	32	98	1117.4567313296145
499	32	99	1116.1835887797617
500	64	0	1932.260719967176
501	64	1	1961.473219635524
502	64	2	2010.0448231708688
503	64	3	2032.6164283983524
504	64	4	2036.3633715417118
505	64	5	2037.7236986935695
506	64	6	1290.7971013795857
507	64	7	1333.529342215731
508	64	8	1637.200878262991
509	64	9	1848.0290248184228
510	64	10	1879.0369177784933
511	64	11	1973.7901176470589
512	64	12	2040.4032836728488
513	64	13	2040.1706707201215
514	64	14	2035.020286866604
515	64	15	2038.528382986156
516	64	16	2036.1934583409188
517	64	17	2030.2335972893457
518	64	18	2039.4731499772072
519	64	19	2040.7910898240011
520	64	20	2023.088012299715
521	64	21	2025.224872874323
522	64	22	2023.1794995477842
523	64	23	2032.5548656752583
524	64	24	2040.1241544939123
525	64	25	2040.0466321637293
526	64	26	2038.4509818811416
527	64	27	2039.9846185413453
528	64	28	2040.558388445458
529	64	29	2039.9226086890442
530	64	30	2037.2906702286716
531	64	31	2038.4664616319246
532	64	32	2038.8690176896375
533	64	33	2034.7117821842216
534	64	34	2038.3581083133372
535	64	35	2036.4869625909432
536	64	36	2036.0699029126213
537	64	37	2039.907106815004
538	64	38	2040.6980029040376
539	64	39	2036.564214615198
540	64	40	2037.5999574923524
541	64	41	2039.0393777345648
542	64	42	2034.526724268607
543	64	43	2040.6824892429795
544	64	44	2040.853152488767
545	64	45	2037.7236986935695
546	64	46	2042.9966284353047
547	64	47	2040.0156248812555
548	64	48	2039.5506287277285
549	64	49	2035.5758311089542
550	64	50	2040.3412483658144
551	64	51	2039.4266655523732
552	64	52	2036.2243495410755
553	64	53	2042.3748678033676
554	64	54	2041.5826716558668
555	64	55	2041.0859211046566
556	64	56	2034.7580519234414
557	64	57	2033.7868291056764
558	64	58	2042.57689849338
559	64	59	2043.9922332462747
560	64	60	2039.256240788854
561	64	61	2042.28163634842
562	64	62	2040.961771235668
563	64	63	2042.064129384647
564	64	64	2039.1323133954209
565	64	65	2040.0466321637293
566	64	66	2032.8935068082335
567	64	67	2041.5671445412024
568	64	68	2041.1014409002776
569	64	69	2039.3956771130104
570	64	70	2034.3262828431336
571	64	71	2040.5273656044758
572	64	72	2041.7690154557624
573	64	73	2040.853152488767
574	64	74	2042.1884134048462
575	64	75	2033.4016801375622
576	64	76	2040.8997019646006
577	64	77	2040.884185236716
578	64	78	2039.6901053143474
579	64	79	2041.7534855065298
580	64	80	2040.5894122297564
581	64	81	2040.9462535639611
582	64	82	2035.4986540488485
583	64	83	2034.557564916855
584	64	84	2038.9309635030952
585	64	85	2038.1259614143517
586	64	86	2037.19790235795
587	64	87	2039.9536131439559
588	64	88	2041.8311376152371
589	64	89	2039.6591088687617
590	64	90	2040.0001215934826
591	64	91	2034.7734756374882
592	64	92	2040.7910898240011
593	64	93	2034.3571174147978
594	64	94	2040.4187930890323
595	64	95	2033.4324866867155
596	64	96	2040.8066051363146
597	64	97	2036.1162344410143
598	64	98	2039.2252575283358
599	64	99	2042.064129384647
600	128	0	1236.6792637109759
601	128	1	1234.6259287792202
602	128	2	1237.2093460571466
603	128	3	1237.1865374644253
604	128	4	1232.6218499742854
605	128	5	1236.1553279132042
606	128	6	1236.6365349266823
607	128	7	1236.9926983753942
608	128	8	1236.152481648968
609	128	9	1236.511214191284
610	128	10	1234.8218668923769
611	128	11	1233.3609286661108
612	128	12	1236.5169100373116
613	128	13	1236.485583533514
614	128	14	1236.1297120069257
615	128	15	1234.5663077821673
616	128	16	1234.753707451702
617	128	17	1235.4128974061596
618	128	18	1235.956121065342
619	128	19	1236.5795678071117
620	128	20	1236.343210337117
621	128	21	1234.1689815772656
622	128	22	1236.713448864461
623	128	23	1236.0756374687742
624	128	24	1236.8958016067384
625	128	25	1235.1144699578763
626	128	26	1236.2805765169956
627	128	27	1237.041152453018
628	128	28	1235.8451622408015
629	128	29	1236.360293389524
630	128	30	1236.8559073494278
631	128	31	1236.4798879760845
632	128	32	1231.8525643378978
633	128	33	1236.525453904744
634	128	34	1235.051960570055
635	128	35	1237.0725071143013
636	128	36	1235.7854234330869
637	128	37	1232.5624223723694
638	128	38	1235.0207082487934
639	128	39	1236.5026705206305
640	128	40	1236.092713127606
641	128	41	1236.7162977125613
642	128	42	1234.8985552583215
643	128	43	1236.5767195889064
644	128	44	1233.0606595819447
645	128	45	1221.707734563982
646	128	46	1236.5368459116528
647	128	47	1227.0185239783243
648	128	48	1235.6403675130268
649	128	49	1235.9988028418693
650	128	50	1236.562478694687
651	128	51	1237.0981621103472
652	128	52	1237.0554043747452
653	128	53	1236.687809822169
654	128	54	1236.2378752780478
655	128	55	1235.367413434457
656	128	56	1236.7419379361024
657	128	57	1235.7939571948789
658	128	58	1236.3289748207237
659	128	59	1236.4030030859933
660	128	60	1236.0215676614007
661	128	61	1236.5995057019331
662	128	62	1236.50551839773
663	128	63	1235.549369419129
664	128	64	1237.1494752948443
665	128	65	1237.3291049677916
666	128	66	1236.2578021557968
667	128	67	1236.6108990733553
668	128	68	1235.23666566965
669	128	69	1235.2991937562124
670	128	70	1236.2378752780478
671	128	71	1236.2549554196448
672	128	72	1236.7390889698734
673	128	73	1236.4314778563369
674	128	74	1235.4470125829582
675	128	75	1234.7366687672204
676	128	76	1235.8963715302557
677	128	77	1231.510653866887
678	128	78	1229.9138211866368
679	128	79	1234.9411640221376
680	128	80	1235.7797343240363
681	128	81	1235.6488992715513
682	128	82	1235.5294653726926
683	128	83	1236.1410967230931
684	128	84	1232.7860131253244
685	128	85	1236.1866376848968
686	128	86	1237.012649594706
687	128	87	1234.6571611235552
688	128	88	1235.6688071663007
689	128	89	1236.0557164630636
690	128	90	1236.3802242140073
691	128	91	1235.0207082487934
692	128	92	1233.9307085890275
693	128	93	1236.1581741905477
694	128	94	1235.8793012955682
695	128	95	1237.041152453018
696	128	96	1234.7934662109635
697	128	97	1236.824563666857
698	128	98	1235.1485686546528
699	128	99	1235.8309381912936
700	256	0	3631.3092224965335
701	256	1	3627.959657119302
702	256	2	3619.0576188694636
703	256	3	3626.2075878232795
704	256	4	3627.028276679762
705	256	5	3622.5740765106966
706	256	6	3627.346853009834
707	256	7	3621.279030316112
708	256	8	3600.2609442060084
709	256	9	3627.4326331223015
710	256	10	3629.1000236590394
711	256	11	3628.2538766434973
712	256	12	3628.2048367422103
713	256	13	3621.657674431155
714	256	14	3633.0539337095834
715	256	15	3628.462311014389
716	256	16	3624.616265410011
717	256	17	3615.158441943228
718	256	18	3630.3392985742253
719	256	19	3631.8373736246267
720	256	20	3632.4025426165676
721	256	21	3628.3151783843696
722	256	22	3625.558649239091
723	256	23	3629.4435002467535
724	256	24	3626.036147507767
725	256	25	3626.391291866352
726	256	26	3628.1190201047475
727	256	27	3625.0567994598246
728	256	28	3630.4374951396567
729	256	29	3629.4803051659856
730	256	30	3627.371361199415
731	256	31	3628.756612075783
732	256	32	3621.2668173080165
733	256	33	3630.7935022249876
734	256	34	3628.486834279535
735	256	35	3629.872937422035
736	256	36	3633.7547471835014
737	256	37	3623.2953054558216
738	256	38	3628.4132654785317
739	256	39	3631.223258944122
740	256	40	3629.1000236590394
741	256	41	3628.695295417755
742	256	42	3624.934418149286
743	256	43	3630.3638472175735
744	256	44	3620.2900434943863
745	256	45	3630.6830097957336
746	256	46	3629.1368216124138
747	256	47	3625.987167537923
748	256	48	3631.616268411885
749	256	49	3626.6607581340836
750	256	50	3627.959657119302
751	256	51	3628.9283097430075
752	256	52	3628.719821832302
753	256	53	3626.4770267896947
754	256	54	3623.234173221438
755	256	55	3629.7747713942836
756	256	56	3621.279030316112
757	256	57	3628.940574483833
758	256	58	3626.8322575197176
759	256	59	3629.0264299909422
760	256	60	3621.804267605729
761	256	61	3629.3821603734364
762	256	62	3631.174138741499
763	256	63	3624.224769465484
764	256	64	3629.7747713942836
765	256	65	3622.6962984955785
766	256	66	3626.5015232266737
767	256	67	3626.648508798595
768	256	68	3626.464778695307
769	256	69	3623.588768898488
770	256	70	3629.1245555450405
771	256	71	3628.707558583585
772	256	72	3629.296288033963
773	256	73	3623.9556650578825
774	256	74	3627.346853009834
775	256	75	3631.8987965174097
776	256	76	3629.627532307734
777	256	77	3621.511093122871
778	256	78	3601.0699292021745
779	256	79	3622.170802466637
780	256	80	3626.2565737482355
781	256	81	3631.2969417398567
782	256	82	3623.478714536883
783	256	83	3631.002228497033
784	256	84	3621.3156698346747
785	256	85	3628.1557981665637
786	256	86	3627.1753049552913
787	256	87	3621.755401895639
788	256	88	3628.4132654785317
789	256	89	3625.54640734738
790	256	90	3623.087464274989
791	256	91	3625.852479443497
792	256	92	3628.9160450850836
793	256	93	3630.290202283508
794	256	94	3627.138546768909
795	256	95	3626.538268502663
796	256	96	3626.2075878232795
797	256	97	3627.138546768909
798	256	98	3627.408124104754
799	256	99	3609.4952685417697
800	512	0	4912.8124103505
801	512	1	4907.917057284227
802	512	2	4909.162425361875
803	512	3	4909.925665788704
804	512	4	4911.194516801102
805	512	5	4912.048272249633
806	512	6	4913.453121067491
807	512	7	4903.725599355146
808	512	8	4907.401143964479
809	512	9	4906.930187390179
810	512	10	4908.949209418854
811	512	11	4909.40933012057
812	512	12	4912.475261295348
813	512	13	4908.365765745174
814	512	14	4903.636020706174
815	512	15	4904.957637745279
816	512	16	4910.992355030289
817	512	17	4913.27325557452
818	512	18	4911.239443899382
819	512	19	4911.9471541368175
820	512	20	4909.925665788704
821	512	21	4910.767750359592
822	512	22	4908.937988040158
823	512	23	4900.815967539122
824	512	24	4914.712548346492
825	512	25	4914.375138450272
826	512	26	4912.610115364291
827	512	27	4909.184870222795
828	512	28	4913.205809409633
829	512	29	4912.374125602185
830	512	30	4909.465448302192
831	512	31	4912.553925269134
832	512	32	4910.138966565071
833	512	33	4914.971260645371
834	512	34	4906.537792623801
835	512	35	4909.88076272349
836	512	36	4911.69999405331
837	512	37	4908.904324211883
838	512	38	4909.72360846285
839	512	39	4906.123043532893
840	512	40	4906.526582266913
841	512	41	4915.612534621283
842	512	42	4914.0377748792935
843	512	43	4913.790404363983
844	512	44	4913.0372020983805
845	512	45	4904.352741548349
846	512	46	4899.93257093833
847	512	47	4910.172647329166
848	512	48	4901.722059400879
849	512	49	4901.364057150682
850	512	50	4911.924684010449
851	512	51	4914.667557683418
852	512	52	4907.053524422346
853	512	53	4912.891085122348
854	512	54	4913.396911686309
855	512	55	4908.97165233015
856	512	56	4906.100626660605
857	512	57	4914.8250286080465
858	512	58	4917.086974142451
859	512	59	4914.049019585409
860	512	60	4906.8629152585745
861	512	61	4907.973141355274
862	512	62	4913.441879088369
863	512	63	4911.082202651432
864	512	64	4911.5764233388
865	512	65	4914.363892251608
866	512	66	4899.93257093833
867	512	67	4911.273139762519
868	512	68	4908.343328373526
869	512	69	4910.453338333383
870	512	70	4909.2297605603535
871	512	71	4907.087162870834
872	512	72	4902.706835304324
873	512	73	4909.375659827399
874	512	74	4909.17364776668
875	512	75	4907.412358318099
876	512	76	4910.666684960325
877	512	77	4907.434787179101
878	512	78	4915.680046879578
879	512	79	4910.36351372054
880	512	80	4911.50902375153
881	512	81	4909.016538768382
882	512	82	4907.176867654888
883	512	83	4908.5228330906675
884	512	84	4909.667484379251
885	512	85	4909.622586036218
886	512	86	4903.747994528769
887	512	87	4898.412532732365
888	512	88	4908.32089120701
889	512	89	4911.441626014029
890	512	90	4911.6550585286195
891	512	91	4906.81806819558
892	512	92	4910.172647329166
893	512	93	4901.610178079878
894	512	94	4907.703949503399
895	512	95	4912.081979212414
896	512	96	4911.205748498612
897	512	97	4908.814556260358
898	512	98	4906.896551093806
899	512	99	4909.207315288954
900	1024	0	5177.235535272371
901	1024	1	5196.113708045145
902	1024	2	5177.27922081053
903	1024	3	5176.680169126262
904	1024	4	5178.078172094347
905	1024	5	5176.131160185306
906	1024	6	5180.882694031264
907	1024	7	5192.062184333513
908	1024	8	5176.605297413003
909	1024	9	5175.457535619951
910	1024	10	5184.729011043134
911	1024	11	5178.221759788963
912	1024	12	5177.778536467752
913	1024	13	5176.143636368019
914	1024	14	5174.584579500055
915	1024	15	5181.213940527173
916	1024	16	5171.693457727857
917	1024	17	5176.7862410942325
918	1024	18	5175.856699381062
919	1024	19	5179.021002024597
920	1024	20	5177.516383739461
921	1024	21	5176.399411368399
922	1024	22	5176.698887392985
923	1024	23	5195.007548844934
924	1024	24	5177.6536985244475
925	1024	25	5194.090296833334
926	1024	26	5178.121871854071
927	1024	27	5174.871375453934
928	1024	28	5176.767522195786
929	1024	29	5194.705950795661
930	1024	30	5176.692647955703
931	1024	31	5196.541213906752
932	1024	32	5188.50582699614
933	1024	33	5175.887886642974
934	1024	34	5175.63216218952
935	1024	35	5194.54259980673
936	1024	36	5176.973437524483
937	1024	37	5191.704446526246
938	1024	38	5193.437109355634
939	1024	39	5179.926691720255
940	1024	40	5177.922107544875
941	1024	41	5181.126437336241
942	1024	42	5183.389970094207
943	1024	43	5180.476506149073
944	1024	44	5184.822895000199
945	1024	45	5198.038038551703
946	1024	46	5180.451512052029
947	1024	47	5181.357702186079
948	1024	48	5193.64435297219
949	1024	49	5177.691149275359
950	1024	50	5176.767522195786
951	1024	51	5175.788088727782
952	1024	52	5176.9484772182395
953	1024	53	5193.8892985717
954	1024	54	5194.976130747477
955	1024	55	5177.485176849534
956	1024	56	5182.007854511759
957	1024	57	5196.421756658004
958	1024	58	5178.402816493851
959	1024	59	5173.836565750989
960	1024	60	5184.071918531599
961	1024	61	5178.296678269194
962	1024	62	5178.446521733364
963	1024	63	5181.070186845651
964	1024	64	5197.000232324014
965	1024	65	5193.9395466786955
966	1024	66	5179.526899978293
967	1024	67	5178.977287087548
968	1024	68	5194.360412746175
969	1024	69	5194.64312227642
970	1024	70	5178.246732374838
971	1024	71	5176.280878347434
972	1024	72	5176.018877247277
973	1024	73	5191.886447320386
974	1024	74	5193.757401916445
975	1024	75	5176.1935417003115
976	1024	76	5180.2578159770255
977	1024	77	5197.019097829336
978	1024	78	5195.742840828809
979	1024	79	5196.924771672369
980	1024	80	5191.378132225831
981	1024	81	5181.689009427247
982	1024	82	5193.330353947203
983	1024	83	5180.489003288038
984	1024	84	5180.545241159534
985	1024	85	5196.648101363843
986	1024	86	5191.804859179531
987	1024	87	5193.64435297219
988	1024	88	5178.1655723513995
989	1024	89	5175.788088727782
990	1024	90	5176.206018183747
991	1024	91	5177.460211608449
992	1024	92	5178.958552340437
993	1024	93	5174.7466776548035
994	1024	94	5179.870467277321
995	1024	95	5177.179369235146
996	1024	96	5177.959562178787
997	1024	97	5178.971042156783
998	1024	98	5179.720541396473
999	1024	99	5179.814244054927
1000	2048	0	4984.972191884009
1001	2048	1	5009.111282423892
1002	2048	2	5009.096677468282
1003	2048	3	5011.995969367661
1004	2048	4	4992.142454397681
1005	2048	5	4989.199428938507
1006	2048	6	4991.292534968367
1007	2048	7	4990.2312673192555
1008	2048	8	4987.73935350509
1009	2048	9	4986.714335142265
1010	2048	10	5007.134546052291
1011	2048	11	5006.314527164855
1012	2048	12	5007.604499999417
1013	2048	13	5008.0920609767545
1014	2048	14	5008.057023489074
1015	2048	15	5006.600481896251
1016	2048	16	5006.912735083338
1017	2048	17	5006.390389522286
1018	2048	18	5007.125789983574
1019	2048	19	5010.189363269491
1020	2048	20	5006.404978700761
1021	2048	21	5008.462904440832
1022	2048	22	5009.961437584096
1023	2048	23	5008.921424643731
1024	2048	24	5008.936028577393
1025	2048	25	5006.606318047234
1026	2048	26	5006.763899267106
1027	2048	27	5007.119952621442
1028	2048	28	5006.1803147798255
1029	2048	29	5008.223455922051
1030	2048	30	5005.836063739522
1031	2048	31	5007.108277938011
1032	2048	32	5008.059943260989
1033	2048	33	5007.467299357302
1034	2048	34	5006.723043924275
1035	2048	35	5005.442275273452
1036	2048	36	5007.943155039871
1037	2048	37	5005.655205046951
1038	2048	38	5006.974022991453
1039	2048	39	5006.2503377350595
1040	2048	40	5004.380813558888
1041	2048	41	5008.979840889331
1042	2048	42	5007.090766014943
1043	2048	43	5009.020733071976
1044	2048	44	5009.280706133179
1045	2048	45	5008.416180980701
1046	2048	46	5009.099598452591
1047	2048	47	5008.226375888034
1048	2048	48	5010.04033258989
1049	2048	49	5008.950632596213
1050	2048	50	5007.840969814557
1051	2048	51	5009.8913107760145
1052	2048	52	5008.048264193756
1053	2048	53	5006.796000361378
1054	2048	54	5006.33203365866
1055	2048	55	5006.14238649695
1056	2048	56	5005.331442286458
1057	2048	57	5006.168644477729
1058	2048	58	5006.492515557255
1059	2048	59	5005.824395042389
1060	2048	60	5007.108277938011
1061	2048	61	5007.613257742476
1062	2048	62	4988.987896820672
1063	2048	63	4989.637038607538
1064	2048	64	4990.118208028516
1065	2048	65	4989.268977662542
1066	2048	66	4988.428727064087
1067	2048	67	4990.118208028516
1068	2048	68	4987.71328849583
1069	2048	69	4988.732923042256
1070	2048	70	4987.85809755024
1071	2048	71	4988.857509246009
1072	2048	72	4988.69815590991
1073	2048	73	4988.141947689729
1074	2048	74	4989.2486924177365
1075	2048	75	4988.686566973482
1076	2048	76	4988.735820325159
1077	2048	77	4988.23174374579
1078	2048	78	4990.753145825223
1079	2048	79	4989.439959851838
1080	2048	80	4989.074825656934
1081	2048	81	4990.390718615926
1082	2048	82	4988.191190287877
1083	2048	83	4989.077723336981
1084	2048	84	4989.605157165046
1085	2048	85	4990.416811616431
1086	2048	86	4988.266504377397
1087	2048	87	4989.002384749682
1088	2048	88	4989.718193208703
1089	2048	89	5010.563440107561
1090	2048	90	5012.291347633935
1091	2048	91	5010.5809763299285
1092	2048	92	5009.511491347009
1093	2048	93	5011.478410223261
1094	2048	94	5009.964359577037
1095	2048	95	5010.309178676335
1096	2048	96	5009.190150655894
1097	2048	97	5009.239809705753
1098	2048	98	5008.49210704611
1099	2048	99	5007.782580129504
1100	4096	0	4719.414959505573
1101	4096	1	4720.792193431948
1102	4096	2	4721.056838879381
1103	4096	3	4723.111444560064
1104	4096	4	4719.596469780891
1105	4096	5	4719.617214701362
1106	4096	6	4718.642400538336
1107	4096	7	4719.606842218331
1108	4096	8	4717.382997851076
1109	4096	9	4719.676857363576
1110	4096	10	4718.743492863601
1111	4096	11	4719.815597213694
1112	4096	12	4717.969858039655
1113	4096	13	4719.504416396419
1114	4096	14	4705.765314191661
1115	4096	15	4706.373783709522
1116	4096	16	4703.748950409843
1117	4096	17	4705.04747094926
1118	4096	18	4702.110076742415
1119	4096	19	4702.322435066126
1120	4096	20	4701.67383709315
1121	4096	21	4704.535964096285
1122	4096	22	4702.007122034983
1123	4096	23	4704.47928000655
1124	4096	24	4704.961138313492
1125	4096	25	4706.308030480014
1126	4096	26	4703.0021106182985
1127	4096	27	4704.380086136267
1128	4096	28	4702.418967917926
1129	4096	29	4704.233235359674
1130	4096	30	4702.8437595552905
1131	4096	31	4705.154424727501
1132	4096	32	4699.906543917377
1133	4096	33	4709.443021610423
1134	4096	34	4707.659564020273
1135	4096	35	4708.6517843267575
1136	4096	36	4709.067376632048
1137	4096	37	4710.578065813144
1138	4096	38	4714.055038520818
1139	4096	39	4694.017454883264
1140	4096	40	4715.972798676663
1141	4096	41	4721.1139231601255
1142	4096	42	4715.915838652962
1143	4096	43	4721.449969975417
1144	4096	44	4718.1758767003275
1145	4096	45	4719.833750694725
1146	4096	46	4720.220193629412
1147	4096	47	4718.624256220502
1148	4096	48	4717.846773715187
1149	4096	49	4718.317120013974
1150	4096	50	4715.527511524721
1151	4096	51	4719.411070152464
1152	4096	52	4718.661841033719
1153	4096	53	4718.298978197613
1154	4096	54	4717.614874384996
1155	4096	55	4719.268464965208
1156	4096	56	4718.956060086667
1157	4096	57	4717.936171165172
1158	4096	58	4717.831226678413
1159	4096	59	4717.661511524994
1160	4096	60	4717.274192140049
1161	4096	61	4716.341777607693
1162	4096	62	4715.550809348939
1163	4096	63	4716.380620853918
1164	4096	64	4714.610019198873
1165	4096	65	4716.415580322569
1166	4096	66	4717.779403962525
1167	4096	67	4716.717289124342
1168	4096	68	4716.267977202518
1169	4096	69	4717.274192140049
1170	4096	70	4714.123595493285
1171	4096	71	4713.509240935411
1172	4096	72	4710.796356590805
1173	4096	73	4710.191908607324
1174	4096	74	4712.648120782964
1175	4096	75	4711.329897893899
1176	4096	76	4711.674890859994
1177	4096	77	4710.076977719631
1178	4096	78	4711.146439067384
1179	4096	79	4711.877775483074
1180	4096	80	4709.537264977087
1181	4096	81	4712.80454715035
1182	4096	82	4711.310517765451
1183	4096	83	4710.217736544933
1184	4096	84	4708.829886332147
1185	4096	85	4709.180967417867
1186	4096	86	4708.345944926732
1187	4096	87	4712.520143296814
1188	4096	88	4711.201991992541
1189	4096	89	4710.624563928021
1190	4096	90	4717.224972157726
1191	4096	91	4715.75273346928
1192	4096	92	4714.206383929209
1193	4096	93	4719.189387621455
1194	4096	94	4716.152749609363
1195	4096	95	4717.669284471308
1196	4096	96	4717.568238167065
1197	4096	97	4716.7535485741455
1198	4096	98	4718.5763040522115
1199	4096	99	4716.547654103661
1200	8192	0	4661.799016049003
1201	8192	1	4661.117285917635
1202	8192	2	4660.859317618413
1203	8192	3	4659.399300135538
1204	8192	4	4658.795967046496
1205	8192	5	4659.5850697403885
1206	8192	6	4661.420182203767
1207	8192	7	4661.255765973876
1208	8192	8	4661.418917419269
1209	8192	9	4661.317736883161
1210	8192	10	4660.749942621879
1211	8192	11	4661.386665646472
1212	8192	12	4662.041906865642
1213	8192	13	4660.208201133731
1214	8192	14	4641.849832852956
1215	8192	15	4630.06600831909
1216	8192	16	4635.981394947201
1217	8192	17	4635.973888852084
1218	8192	18	4636.555683285211
1219	8192	19	4640.265708283342
1220	8192	20	4642.151484445972
1221	8192	21	4640.309575289596
1222	8192	22	4637.7159544717515
1223	8192	23	4661.847086180924
1224	8192	24	4662.601790691552
1225	8192	25	4661.408166778749
1226	8192	26	4661.891362179481
1227	8192	27	4654.841847021712
1228	8192	28	4654.014004950413
1229	8192	29	4653.566474996776
1230	8192	30	4654.430726412348
1231	8192	31	4660.535000938625
1232	8192	32	4659.0935076068145
1233	8192	33	4661.4973353560445
1234	8192	34	4660.750574832542
1235	8192	35	4660.965536401048
1236	8192	36	4661.637102898011
1237	8192	37	4647.822421531215
1238	8192	38	4647.771496715559
1239	8192	39	4660.066623185039
1240	8192	40	4661.151430920627
1241	8192	41	4660.036918189418
1242	8192	42	4660.545747551941
1243	8192	43	4639.780093274334
1244	8192	44	4659.937693608934
1245	8192	45	4642.964445647985
1246	8192	46	4640.794674336912
1247	8192	47	4643.772670730224
1248	8192	48	4641.554490589569
1249	8192	49	4642.9117450886915
1250	8192	50	4642.737339864203
1251	8192	51	4640.574048242889
1252	8192	52	4659.563585423158
1253	8192	53	4659.801819669178
1254	8192	54	4660.815693449469
1255	8192	55	4663.55485134195
1256	8192	56	4662.640386508148
1257	8192	57	4661.040777634647
1258	8192	58	4661.886934541779
1259	8192	59	4661.439154053597
1260	8192	60	4660.8460406109825
1261	8192	61	4659.943381528039
1262	8192	62	4660.693676559774
1263	8192	63	4661.869224075074
1264	8192	64	4662.138690726887
1265	8192	65	4660.719596711753
1266	8192	66	4657.538630415666
1267	8192	67	4658.764383231032
1268	8192	68	4660.12793043716
1269	8192	69	4659.736729379661
1270	8192	70	4648.168865635242
1271	8192	71	4640.4104725516145
1272	8192	72	4640.211189017255
1273	8192	73	4643.286321458133
1274	8192	74	4640.9394716123215
1275	8192	75	4648.270733799246
1276	8192	76	4642.2537162294075
1277	8192	77	4639.186214653108
1278	8192	78	4641.157624827627
1279	8192	79	4642.791918507842
1280	8192	80	4641.09869636272
1281	8192	81	4660.44966194528
1282	8192	82	4660.4875900009265
1283	8192	83	4659.381608564757
1284	8192	84	4658.684793915353
1285	8192	85	4660.878284903102
1286	8192	86	4662.4720881208505
1287	8192	87	4661.953349990401
1288	8192	88	4661.762331615279
1289	8192	89	4661.828743513618
1290	8192	90	4648.435492996313
1291	8192	91	4648.575736171025
1292	8192	92	4648.870714678664
1293	8192	93	4663.337119224631
1294	8192	94	4660.7752311821805
1295	8192	95	4657.08537264218
1296	8192	96	4661.6269836995125
1297	8192	97	4659.517457999609
1298	8192	98	4660.253078082619
1299	8192	99	4660.574826871755
